time,h1,h2,h3,h4,v1,v2,modo
2024-08-12 17:23:11.501376,31.393210217513523,46.18086653304145,5.554406409367067,11.605054064990803,1.0,1.0,Manual-sinusoide
